0.004284,NaN,NaN,NaN,NaN
0.008373,0.004284,NaN,NaN,NaN
0.0123,0.008373,0.004279,NaN,NaN
0.0158,0.01215,0.008313,0.004273,NaN
0.01927,0.0158,0.01215,0.008313,0.004273
7.0,-1.0,-1.0,-1.0,-1.0
7.0,7.0,-1.0,-1.0,-1.0
7.0,7.0,7.0,-1.0,-1.0
6.0,5.0,4.0,3.0,-1.0
7.0,6.0,5.0,4.0,3.0
0.061,NaN,NaN,NaN,NaN
0.14,0.043,NaN,NaN,NaN
0.38,0.19,0.047,NaN,NaN
0.84,0.58,0.25,0.078,NaN
1.8,1.4,0.89,0.39,0.21
