0.005053,NaN,NaN,NaN,NaN
0.009841,0.005053,NaN,NaN,NaN
0.01442,0.009841,0.005053,NaN,NaN
0.01847,0.01426,0.009797,0.005053,NaN
0.02242,0.01847,0.01426,0.009797,0.005053
4.0,-1.0,-1.0,-1.0,-1.0
7.0,4.0,-1.0,-1.0,-1.0
7.0,7.0,4.0,-1.0,-1.0
6.0,5.0,4.0,4.0,-1.0
7.0,6.0,5.0,4.0,4.0
0.21,NaN,NaN,NaN,NaN
1.2,0.2,NaN,NaN,NaN
2.4,1.4,0.24,NaN,NaN
3.9,1.9,0.98,0.45,NaN
7.8,4.1,3.8,1.4,1.4
