0.08238,NaN,NaN,NaN,NaN
0.7146,0.07485,NaN,NaN,NaN
1.472,0.09631,0.07485,NaN,NaN
5.181,0.2635,0.08158,0.07485,NaN
5.525,0.5765,0.1556,0.08158,0.07485
100.0,-1.0,-1.0,-1.0,-1.0
101.0,3.0,-1.0,-1.0,-1.0
101.0,100.0,3.0,-1.0,-1.0
101.0,101.0,4.0,3.0,-1.0
101.0,97.0,100.0,4.0,3.0
0.21,NaN,NaN,NaN,NaN
0.68,0.18,NaN,NaN,NaN
1.6,0.78,0.19,NaN,NaN
3.7,2.4,0.98,0.26,NaN
7.7,6.0,3.4,1.3,0.47
