0.05236,NaN,NaN,NaN,NaN
0.1017,0.05236,NaN,NaN,NaN
0.149,0.1017,0.05236,NaN,NaN
0.1904,0.1472,0.1012,0.05236,NaN
0.2309,0.1904,0.1472,0.1012,0.05236
4.0,-1.0,-1.0,-1.0,-1.0
7.0,4.0,-1.0,-1.0,-1.0
7.0,7.0,4.0,-1.0,-1.0
6.0,5.0,5.0,4.0,-1.0
7.0,6.0,5.0,5.0,4.0
1.0,NaN,NaN,NaN,NaN
1.5,0.19,NaN,NaN,NaN
3.2,1.3,1.1,NaN,NaN
5.2,1.9,2.5,0.61,NaN
7.5,3.6,5.3,1.5,2.6
