0.08419,NaN,NaN,NaN,NaN
0.1609,0.08419,NaN,NaN,NaN
0.2306,0.1609,0.08419,NaN,NaN
0.2939,0.2306,0.1609,0.08419,NaN
0.3511,0.2939,0.2306,0.1609,0.08419
3.0,-1.0,-1.0,-1.0,-1.0
4.0,3.0,-1.0,-1.0,-1.0
5.0,4.0,3.0,-1.0,-1.0
6.0,5.0,4.0,3.0,-1.0
7.0,6.0,5.0,4.0,3.0
0.15,NaN,NaN,NaN,NaN
0.54,0.16,NaN,NaN,NaN
1.6,0.66,0.18,NaN,NaN
3.3,2.1,0.79,0.46,NaN
5.9,2.9,3.4,1.4,0.75
