0.04722,NaN,NaN,NaN,NaN
0.09215,0.04722,NaN,NaN,NaN
0.1352,0.09215,0.04716,NaN,NaN
0.1733,0.1336,0.09157,0.04714,NaN
0.2108,0.1733,0.1336,0.09157,0.04714
7.0,-1.0,-1.0,-1.0,-1.0
7.0,7.0,-1.0,-1.0,-1.0
7.0,7.0,7.0,-1.0,-1.0
6.0,5.0,4.0,4.0,-1.0
7.0,6.0,5.0,4.0,4.0
0.87,NaN,NaN,NaN,NaN
1.2,0.2,NaN,NaN,NaN
3.1,1.9,0.28,NaN,NaN
4.6,1.8,2.6,0.57,NaN
7.6,4.0,6.4,2.1,1.9
