0.04387,NaN,NaN,NaN,NaN
0.08571,0.04387,NaN,NaN,NaN
0.1259,0.08571,0.04381,NaN,NaN
0.1616,0.1243,0.08505,0.0437,NaN
0.1969,0.1616,0.1243,0.08505,0.0437
7.0,-1.0,-1.0,-1.0,-1.0
7.0,7.0,-1.0,-1.0,-1.0
7.0,7.0,7.0,-1.0,-1.0
6.0,5.0,4.0,4.0,-1.0
7.0,6.0,5.0,4.0,4.0
0.23,NaN,NaN,NaN,NaN
0.52,0.12,NaN,NaN,NaN
1.3,0.66,0.15,NaN,NaN
2.9,2.0,0.85,0.4,NaN
5.8,4.2,3.0,1.2,0.63
