0.06455,NaN,NaN,NaN,NaN
0.1248,0.06455,NaN,NaN,NaN
0.1809,0.1248,0.06455,NaN,NaN
0.2331,0.1809,0.1248,0.06455,NaN
0.2816,0.2331,0.1809,0.1248,0.06455
3.0,-1.0,-1.0,-1.0,-1.0
4.0,3.0,-1.0,-1.0,-1.0
5.0,4.0,3.0,-1.0,-1.0
6.0,5.0,4.0,3.0,-1.0
7.0,6.0,5.0,4.0,3.0
0.19,NaN,NaN,NaN,NaN
1.1,0.56,NaN,NaN,NaN
2.5,1.9,0.49,NaN,NaN
5.6,1.8,1.7,0.59,NaN
7.7,3.8,4.5,1.3,1.9
