0.02964,NaN,NaN,NaN,NaN
0.05828,0.02964,NaN,NaN,NaN
0.08603,0.05828,0.02962,NaN,NaN
0.1114,0.08499,0.05769,0.02938,NaN
0.1368,0.1114,0.08499,0.05769,0.02938
7.0,-1.0,-1.0,-1.0,-1.0
7.0,7.0,-1.0,-1.0,-1.0
7.0,7.0,7.0,-1.0,-1.0
6.0,6.0,5.0,5.0,-1.0
7.0,6.0,6.0,5.0,5.0
0.43,NaN,NaN,NaN,NaN
1.8,0.43,NaN,NaN,NaN
2.6,1.3,0.81,NaN,NaN
5.5,2.9,2.3,0.48,NaN
10.0,3.9,5.8,2.1,2.2
