0.04965,NaN,NaN,NaN,NaN
0.04965,0.04965,NaN,NaN,NaN
0.04965,0.04965,0.04965,NaN,NaN
0.04965,0.04965,0.04965,0.04965,NaN
0.04965,0.04965,0.04965,0.04965,0.04965
2.0,-1.0,-1.0,-1.0,-1.0
2.0,2.0,-1.0,-1.0,-1.0
2.0,2.0,2.0,-1.0,-1.0
2.0,2.0,2.0,2.0,-1.0
2.0,2.0,2.0,2.0,2.0
0.026,NaN,NaN,NaN,NaN
0.083,0.027,NaN,NaN,NaN
0.2,0.094,0.062,NaN,NaN
0.42,0.29,0.15,0.049,NaN
0.91,0.76,0.47,0.23,0.13
