0.04967,NaN,NaN,NaN,NaN
0.04967,0.04967,NaN,NaN,NaN
0.04967,0.04967,0.04967,NaN,NaN
0.04967,0.04967,0.04967,0.04967,NaN
0.04967,0.04967,0.04967,0.04967,0.04967
2.0,-1.0,-1.0,-1.0,-1.0
2.0,2.0,-1.0,-1.0,-1.0
2.0,2.0,2.0,-1.0,-1.0
2.0,2.0,2.0,2.0,-1.0
2.0,2.0,2.0,2.0,2.0
0.12,NaN,NaN,NaN,NaN
0.69,0.11,NaN,NaN,NaN
0.97,0.6,0.28,NaN,NaN
2.3,0.98,0.49,0.28,NaN
3.4,2.0,2.5,0.77,0.87
