0.08201,NaN,NaN,NaN,NaN
0.08506,0.08201,NaN,NaN,NaN
0.0891,0.08506,0.08201,NaN,NaN
0.09366,0.0891,0.08506,0.08201,NaN
0.09698,0.09366,0.0891,0.08506,0.08201
3.0,-1.0,-1.0,-1.0,-1.0
4.0,3.0,-1.0,-1.0,-1.0
5.0,4.0,3.0,-1.0,-1.0
6.0,5.0,4.0,3.0,-1.0
7.0,6.0,5.0,4.0,3.0
94.0,NaN,NaN,NaN,NaN
870.0,45.0,NaN,NaN,NaN
2900.0,630.0,13.0,NaN,NaN
7600.0,2400.0,450.0,10.0,NaN
13000.0,4100.0,2900.0,210.0,36.0
