0.08419,NaN,NaN,NaN,NaN
0.1609,0.08419,NaN,NaN,NaN
0.2306,0.1609,0.08419,NaN,NaN
0.2939,0.2306,0.1609,0.08419,NaN
0.3511,0.2939,0.2306,0.1609,0.08419
3.0,-1.0,-1.0,-1.0,-1.0
4.0,3.0,-1.0,-1.0,-1.0
5.0,4.0,3.0,-1.0,-1.0
6.0,5.0,4.0,3.0,-1.0
7.0,6.0,5.0,4.0,3.0
0.15,NaN,NaN,NaN,NaN
0.56,0.19,NaN,NaN,NaN
1.9,0.72,0.2,NaN,NaN
4.0,2.3,0.92,0.55,NaN
7.1,3.5,4.2,1.4,0.77
