0.08419,NaN,NaN,NaN,NaN
0.1609,0.08419,NaN,NaN,NaN
0.2306,0.1609,0.08419,NaN,NaN
0.2939,0.2306,0.1609,0.08419,NaN
0.3511,0.2939,0.2306,0.1609,0.08419
3.0,-1.0,-1.0,-1.0,-1.0
4.0,3.0,-1.0,-1.0,-1.0
5.0,4.0,3.0,-1.0,-1.0
6.0,5.0,4.0,3.0,-1.0
7.0,6.0,5.0,4.0,3.0
0.91,NaN,NaN,NaN,NaN
1.2,0.42,NaN,NaN,NaN
2.5,1.3,0.58,NaN,NaN
4.4,1.9,2.2,0.53,NaN
7.6,4.1,6.3,2.0,2.0
