0.3634,NaN,NaN,NaN,NaN
197.0,0.06341,NaN,NaN,NaN
1095.0,26.87,0.02789,NaN,NaN
2303.0,1082.0,4.491,0.02053,NaN
2459.0,1505.0,26.63,0.1487,0.008324
101.0,-1.0,-1.0,-1.0,-1.0
101.0,101.0,-1.0,-1.0,-1.0
65.0,101.0,101.0,-1.0,-1.0
51.0,70.0,101.0,100.0,-1.0
51.0,71.0,101.0,97.0,3.0
2.8,NaN,NaN,NaN,NaN
0.17,0.041,NaN,NaN,NaN
0.24,0.17,0.071,NaN,NaN
0.45,0.45,0.25,0.081,NaN
0.87,1.0,0.94,0.48,0.2
