0.05053,NaN,NaN,NaN,NaN
0.09841,0.05053,NaN,NaN,NaN
0.1442,0.09841,0.05053,NaN,NaN
0.1847,0.1426,0.09797,0.05053,NaN
0.2242,0.1847,0.1426,0.09797,0.05053
4.0,-1.0,-1.0,-1.0,-1.0
7.0,4.0,-1.0,-1.0,-1.0
7.0,7.0,4.0,-1.0,-1.0
6.0,5.0,4.0,4.0,-1.0
7.0,6.0,5.0,4.0,4.0
0.95,NaN,NaN,NaN,NaN
1.3,0.43,NaN,NaN,NaN
2.6,1.1,0.84,NaN,NaN
4.5,1.8,2.4,0.61,NaN
7.7,3.8,4.8,1.4,2.2
