0.08051,NaN,NaN,NaN,NaN
0.1536,0.08051,NaN,NaN,NaN
0.2198,0.1536,0.08051,NaN,NaN
0.2797,0.2198,0.1536,0.08051,NaN
0.334,0.2797,0.2198,0.1536,0.08051
4.0,-1.0,-1.0,-1.0,-1.0
4.0,4.0,-1.0,-1.0,-1.0
5.0,4.0,4.0,-1.0,-1.0
6.0,5.0,4.0,4.0,-1.0
7.0,6.0,5.0,4.0,4.0
0.13,NaN,NaN,NaN,NaN
0.51,0.12,NaN,NaN,NaN
1.3,0.64,0.15,NaN,NaN
2.9,1.9,0.91,0.38,NaN
5.7,4.0,3.0,1.3,0.59
