0.07644,NaN,NaN,NaN,NaN
0.1467,0.07644,NaN,NaN,NaN
0.2113,0.1467,0.07644,NaN,NaN
0.2705,0.2113,0.1467,0.07644,NaN
0.3246,0.2705,0.2113,0.1467,0.07644
3.0,-1.0,-1.0,-1.0,-1.0
4.0,3.0,-1.0,-1.0,-1.0
5.0,4.0,3.0,-1.0,-1.0
6.0,5.0,4.0,3.0,-1.0
7.0,6.0,5.0,4.0,3.0
0.17,NaN,NaN,NaN,NaN
0.54,0.13,NaN,NaN,NaN
1.6,0.72,0.14,NaN,NaN
2.8,1.8,0.91,0.23,NaN
5.9,4.2,3.1,1.2,0.58
