0.04967,NaN,NaN,NaN,NaN
0.04967,0.04967,NaN,NaN,NaN
0.04967,0.04967,0.04967,NaN,NaN
0.04967,0.04967,0.04967,0.04967,NaN
0.04967,0.04967,0.04967,0.04967,0.04967
2.0,-1.0,-1.0,-1.0,-1.0
2.0,2.0,-1.0,-1.0,-1.0
2.0,2.0,2.0,-1.0,-1.0
2.0,2.0,2.0,2.0,-1.0
2.0,2.0,2.0,2.0,2.0
0.059,NaN,NaN,NaN,NaN
0.19,0.11,NaN,NaN,NaN
1.0,0.63,0.14,NaN,NaN
2.5,1.6,0.76,0.28,NaN
3.3,2.1,2.7,1.3,0.77
