0.07379,NaN,NaN,NaN,NaN
0.4226,0.07379,NaN,NaN,NaN
0.7363,0.08963,0.07379,NaN,NaN
2.599,0.194,0.0805,0.07379,NaN
2.864,0.3652,0.1328,0.0805,0.07379
3.0,-1.0,-1.0,-1.0,-1.0
101.0,3.0,-1.0,-1.0,-1.0
101.0,100.0,3.0,-1.0,-1.0
101.0,101.0,4.0,3.0,-1.0
101.0,97.0,101.0,4.0,3.0
0.19,NaN,NaN,NaN,NaN
0.7,0.16,NaN,NaN,NaN
1.6,0.76,0.18,NaN,NaN
3.6,2.3,0.96,0.27,NaN
7.5,6.0,3.4,1.3,0.47
