0.06134,NaN,NaN,NaN,NaN
0.1083,0.06134,NaN,NaN,NaN
0.205,0.07341,0.06134,NaN,NaN
0.9812,0.07981,0.07341,0.06134,NaN
1.08,0.1463,0.07981,0.07341,0.06134
3.0,-1.0,-1.0,-1.0,-1.0
101.0,3.0,-1.0,-1.0,-1.0
98.0,4.0,3.0,-1.0,-1.0
101.0,5.0,4.0,3.0,-1.0
101.0,101.0,5.0,4.0,3.0
1.3,NaN,NaN,NaN,NaN
5.7,1.2,NaN,NaN,NaN
10.0,6.3,1.6,NaN,NaN
18.0,8.5,7.6,1.1,NaN
33.0,16.0,18.0,5.5,3.8
