0.04965,NaN,NaN,NaN,NaN
0.04965,0.04965,NaN,NaN,NaN
0.04965,0.04965,0.04965,NaN,NaN
0.04965,0.04965,0.04965,0.04965,NaN
0.04965,0.04965,0.04965,0.04965,0.04965
2.0,-1.0,-1.0,-1.0,-1.0
2.0,2.0,-1.0,-1.0,-1.0
2.0,2.0,2.0,-1.0,-1.0
2.0,2.0,2.0,2.0,-1.0
2.0,2.0,2.0,2.0,2.0
0.025,NaN,NaN,NaN,NaN
0.073,0.025,NaN,NaN,NaN
0.2,0.091,0.056,NaN,NaN
0.41,0.3,0.16,0.05,NaN
0.92,0.76,0.47,0.24,0.16
