0.04968,NaN,NaN,NaN,NaN
0.04968,0.04968,NaN,NaN,NaN
0.04968,0.04968,0.04968,NaN,NaN
0.04968,0.04968,0.04968,0.04968,NaN
0.04968,0.04968,0.04968,0.04968,0.04968
2.0,-1.0,-1.0,-1.0,-1.0
2.0,2.0,-1.0,-1.0,-1.0
2.0,2.0,2.0,-1.0,-1.0
2.0,2.0,2.0,2.0,-1.0
2.0,2.0,2.0,2.0,2.0
0.13,NaN,NaN,NaN,NaN
0.71,0.13,NaN,NaN,NaN
1.2,0.79,0.16,NaN,NaN
2.2,0.96,0.97,0.29,NaN
3.9,2.2,3.0,1.3,0.97
