0.08419,NaN,NaN,NaN,NaN
0.1609,0.08419,NaN,NaN,NaN
0.2306,0.1609,0.08419,NaN,NaN
0.2939,0.2306,0.1609,0.08419,NaN
0.3511,0.2939,0.2306,0.1609,0.08419
3.0,-1.0,-1.0,-1.0,-1.0
4.0,3.0,-1.0,-1.0,-1.0
5.0,4.0,3.0,-1.0,-1.0
6.0,5.0,4.0,3.0,-1.0
7.0,6.0,5.0,4.0,3.0
0.12,NaN,NaN,NaN,NaN
0.52,0.23,NaN,NaN,NaN
2.0,0.71,0.2,NaN,NaN
3.7,2.1,0.97,0.51,NaN
6.5,3.3,3.8,1.4,0.76
