0.04965,NaN,NaN,NaN,NaN
0.04965,0.04965,NaN,NaN,NaN
0.04965,0.04965,0.04965,NaN,NaN
0.04965,0.04965,0.04965,0.04965,NaN
0.04965,0.04965,0.04965,0.04965,0.04965
2.0,-1.0,-1.0,-1.0,-1.0
2.0,2.0,-1.0,-1.0,-1.0
2.0,2.0,2.0,-1.0,-1.0
2.0,2.0,2.0,2.0,-1.0
2.0,2.0,2.0,2.0,2.0
2.8,NaN,NaN,NaN,NaN
0.093,0.026,NaN,NaN,NaN
0.2,0.091,0.029,NaN,NaN
0.45,0.3,0.15,0.05,NaN
0.93,0.76,0.47,0.23,0.14
