0.004656,NaN,NaN,NaN,NaN
0.009087,0.004656,NaN,NaN,NaN
0.01333,0.009087,0.00465,NaN,NaN
0.0171,0.01318,0.009034,0.00465,NaN
0.02081,0.0171,0.01318,0.009034,0.00465
7.0,-1.0,-1.0,-1.0,-1.0
7.0,7.0,-1.0,-1.0,-1.0
7.0,7.0,7.0,-1.0,-1.0
6.0,5.0,4.0,3.0,-1.0
7.0,6.0,5.0,4.0,3.0
0.044,NaN,NaN,NaN,NaN
0.16,0.043,NaN,NaN,NaN
0.38,0.17,0.062,NaN,NaN
0.81,0.57,0.24,0.092,NaN
1.8,1.4,0.86,0.38,0.22
