0.04965,NaN,NaN,NaN,NaN
0.04965,0.04965,NaN,NaN,NaN
0.04965,0.04965,0.04965,NaN,NaN
0.04965,0.04965,0.04965,0.04965,NaN
0.04965,0.04965,0.04965,0.04965,0.04965
2.0,-1.0,-1.0,-1.0,-1.0
2.0,2.0,-1.0,-1.0,-1.0
2.0,2.0,2.0,-1.0,-1.0
2.0,2.0,2.0,2.0,-1.0
2.0,2.0,2.0,2.0,2.0
0.024,NaN,NaN,NaN,NaN
0.073,0.024,NaN,NaN,NaN
0.2,0.097,0.031,NaN,NaN
0.47,0.3,0.13,0.069,NaN
0.91,0.76,0.45,0.23,0.14
