0.03906,NaN,NaN,NaN,NaN
0.07648,0.03906,NaN,NaN,NaN
0.1125,0.07648,0.03902,NaN,NaN
0.1447,0.111,0.0758,0.03884,NaN
0.1769,0.1447,0.111,0.0758,0.03884
7.0,-1.0,-1.0,-1.0,-1.0
7.0,7.0,-1.0,-1.0,-1.0
7.0,7.0,7.0,-1.0,-1.0
6.0,5.0,5.0,4.0,-1.0
7.0,6.0,5.0,5.0,4.0
0.14,NaN,NaN,NaN,NaN
0.48,0.21,NaN,NaN,NaN
1.3,0.65,0.22,NaN,NaN
2.7,1.8,0.85,0.35,NaN
5.1,3.6,3.0,1.2,0.6
