0.03812,NaN,NaN,NaN,NaN
0.07466,0.03812,NaN,NaN,NaN
0.1098,0.07466,0.03808,NaN,NaN
0.1415,0.1085,0.07399,0.03789,NaN
0.173,0.1415,0.1085,0.07399,0.03789
7.0,-1.0,-1.0,-1.0,-1.0
7.0,7.0,-1.0,-1.0,-1.0
7.0,7.0,7.0,-1.0,-1.0
6.0,5.0,4.0,3.0,-1.0
7.0,6.0,5.0,4.0,3.0
0.12,NaN,NaN,NaN,NaN
0.48,0.12,NaN,NaN,NaN
1.3,0.59,0.15,NaN,NaN
2.8,1.8,0.87,0.39,NaN
5.7,4.1,3.0,1.3,0.64
