0.06688,NaN,NaN,NaN,NaN
0.3942,0.06688,NaN,NaN,NaN
0.8382,0.07657,0.06688,NaN,NaN
4.283,0.1391,0.07657,0.06688,NaN
4.515,0.3323,0.08103,0.07657,0.06688
3.0,-1.0,-1.0,-1.0,-1.0
101.0,3.0,-1.0,-1.0,-1.0
101.0,4.0,3.0,-1.0,-1.0
101.0,101.0,4.0,3.0,-1.0
101.0,97.0,5.0,4.0,3.0
1.3,NaN,NaN,NaN,NaN
5.6,1.2,NaN,NaN,NaN
13.0,6.6,1.4,NaN,NaN
18.0,8.5,7.6,1.1,NaN
32.0,16.0,18.0,5.3,3.8
