0.03512,NaN,NaN,NaN,NaN
0.06889,0.03512,NaN,NaN,NaN
0.1015,0.06889,0.03509,NaN,NaN
0.1309,0.1002,0.06821,0.03485,NaN
0.1603,0.1309,0.1002,0.06821,0.03485
7.0,-1.0,-1.0,-1.0,-1.0
7.0,7.0,-1.0,-1.0,-1.0
7.0,7.0,7.0,-1.0,-1.0
6.0,5.0,5.0,4.0,-1.0
7.0,6.0,5.0,5.0,4.0
0.15,NaN,NaN,NaN,NaN
0.48,0.21,NaN,NaN,NaN
1.3,0.6,0.23,NaN,NaN
2.9,1.8,0.81,0.35,NaN
5.3,4.1,3.1,1.3,0.6
