0.03512,NaN,NaN,NaN,NaN
0.06889,0.03512,NaN,NaN,NaN
0.1015,0.06889,0.03509,NaN,NaN
0.1309,0.1002,0.06821,0.03485,NaN
0.1603,0.1309,0.1002,0.06821,0.03485
7.0,-1.0,-1.0,-1.0,-1.0
7.0,7.0,-1.0,-1.0,-1.0
7.0,7.0,7.0,-1.0,-1.0
6.0,5.0,5.0,4.0,-1.0
7.0,6.0,5.0,5.0,4.0
0.28,NaN,NaN,NaN,NaN
1.4,0.19,NaN,NaN,NaN
2.2,1.8,0.52,NaN,NaN
4.4,1.9,1.7,0.66,NaN
7.3,3.8,4.6,1.4,1.5
