0.07118,NaN,NaN,NaN,NaN
0.5437,0.07118,NaN,NaN,NaN
1.13,0.07933,0.07118,NaN,NaN
4.747,0.1964,0.07933,0.07118,NaN
5.035,0.4461,0.1134,0.07933,0.07118
3.0,-1.0,-1.0,-1.0,-1.0
101.0,3.0,-1.0,-1.0,-1.0
101.0,4.0,3.0,-1.0,-1.0
101.0,101.0,4.0,3.0,-1.0
101.0,97.0,101.0,4.0,3.0
1.6,NaN,NaN,NaN,NaN
5.4,1.5,NaN,NaN,NaN
9.9,6.7,1.5,NaN,NaN
20.0,9.5,6.8,1.7,NaN
33.0,16.0,18.0,5.3,3.7
