0.06455,NaN,NaN,NaN,NaN
0.1248,0.06455,NaN,NaN,NaN
0.1809,0.1248,0.06455,NaN,NaN
0.2331,0.1809,0.1248,0.06455,NaN
0.2816,0.2331,0.1809,0.1248,0.06455
3.0,-1.0,-1.0,-1.0,-1.0
4.0,3.0,-1.0,-1.0,-1.0
5.0,4.0,3.0,-1.0,-1.0
6.0,5.0,4.0,3.0,-1.0
7.0,6.0,5.0,4.0,3.0
0.17,NaN,NaN,NaN,NaN
0.57,0.18,NaN,NaN,NaN
1.3,0.55,0.36,NaN,NaN
2.7,1.9,0.9,0.24,NaN
5.8,4.3,3.0,1.3,0.59
