0.05053,NaN,NaN,NaN,NaN
0.09841,0.05053,NaN,NaN,NaN
0.1442,0.09841,0.05053,NaN,NaN
0.1847,0.1426,0.09797,0.05053,NaN
0.2242,0.1847,0.1426,0.09797,0.05053
4.0,-1.0,-1.0,-1.0,-1.0
7.0,4.0,-1.0,-1.0,-1.0
7.0,7.0,4.0,-1.0,-1.0
6.0,5.0,4.0,4.0,-1.0
7.0,6.0,5.0,4.0,4.0
0.17,NaN,NaN,NaN,NaN
0.55,0.13,NaN,NaN,NaN
1.4,0.67,0.14,NaN,NaN
2.8,2.0,0.82,0.24,NaN
6.5,3.8,3.1,1.2,0.82
