0.0714,NaN,NaN,NaN,NaN
0.2401,0.05617,NaN,NaN,NaN
0.6989,0.1993,0.04829,NaN,NaN
1.956,0.562,0.1642,0.04111,NaN
2.274,0.7337,0.2584,0.09114,0.03121
101.0,-1.0,-1.0,-1.0,-1.0
101.0,101.0,-1.0,-1.0,-1.0
101.0,101.0,101.0,-1.0,-1.0
101.0,101.0,101.0,101.0,-1.0
101.0,101.0,101.0,101.0,101.0
2.0,NaN,NaN,NaN,NaN
0.77,0.24,NaN,NaN,NaN
2.0,0.94,0.27,NaN,NaN
4.5,2.8,1.3,0.62,NaN
8.5,6.7,4.0,1.7,0.89
