0.02891,NaN,NaN,NaN,NaN
0.05685,0.02891,NaN,NaN,NaN
0.08392,0.05685,0.02889,NaN,NaN
0.1088,0.08299,0.0563,0.0287,NaN
0.1337,0.1088,0.08299,0.0563,0.0287
7.0,-1.0,-1.0,-1.0,-1.0
7.0,7.0,-1.0,-1.0,-1.0
7.0,7.0,7.0,-1.0,-1.0
6.0,5.0,4.0,3.0,-1.0
7.0,6.0,5.0,4.0,3.0
0.35,NaN,NaN,NaN,NaN
1.5,0.48,NaN,NaN,NaN
2.9,1.1,0.22,NaN,NaN
4.1,2.0,2.3,0.45,NaN
7.3,3.8,5.0,1.4,1.9
