0.03965,NaN,NaN,NaN,NaN
0.07762,0.03964,NaN,NaN,NaN
0.1142,0.07762,0.0396,NaN,NaN
0.1468,0.1126,0.07696,0.03945,NaN
0.1793,0.1468,0.1126,0.07696,0.03945
7.0,-1.0,-1.0,-1.0,-1.0
7.0,7.0,-1.0,-1.0,-1.0
7.0,7.0,7.0,-1.0,-1.0
6.0,6.0,5.0,4.0,-1.0
7.0,6.0,6.0,5.0,4.0
0.24,NaN,NaN,NaN,NaN
0.45,0.15,NaN,NaN,NaN
1.1,0.57,0.29,NaN,NaN
2.8,1.9,0.89,0.32,NaN
5.7,4.1,2.9,1.3,0.61
