0.04965,NaN,NaN,NaN,NaN
0.04965,0.04965,NaN,NaN,NaN
0.04965,0.04965,0.04965,NaN,NaN
0.04965,0.04965,0.04965,0.04965,NaN
0.04965,0.04965,0.04965,0.04965,0.04965
2.0,-1.0,-1.0,-1.0,-1.0
2.0,2.0,-1.0,-1.0,-1.0
2.0,2.0,2.0,-1.0,-1.0
2.0,2.0,2.0,2.0,-1.0
2.0,2.0,2.0,2.0,2.0
0.024,NaN,NaN,NaN,NaN
0.074,0.024,NaN,NaN,NaN
0.2,0.093,0.031,NaN,NaN
0.45,0.29,0.13,0.072,NaN
0.91,0.76,0.47,0.23,0.14
