0.06271,NaN,NaN,NaN,NaN
0.1832,0.06271,NaN,NaN,NaN
0.3387,0.07379,0.06271,NaN,NaN
1.935,0.07978,0.07379,0.06271,NaN
2.09,0.1824,0.07978,0.07379,0.06271
3.0,-1.0,-1.0,-1.0,-1.0
101.0,3.0,-1.0,-1.0,-1.0
98.0,4.0,3.0,-1.0,-1.0
101.0,5.0,4.0,3.0,-1.0
101.0,101.0,5.0,4.0,3.0
1.4,NaN,NaN,NaN,NaN
5.4,1.4,NaN,NaN,NaN
11.0,6.6,1.4,NaN,NaN
18.0,8.9,8.2,1.8,NaN
33.0,16.0,23.0,5.1,4.1
