0.0374,NaN,NaN,NaN,NaN
0.07326,0.0374,NaN,NaN,NaN
0.1078,0.07326,0.03736,NaN,NaN
0.139,0.1065,0.07265,0.03725,NaN
0.17,0.139,0.1065,0.07265,0.03725
7.0,-1.0,-1.0,-1.0,-1.0
7.0,7.0,-1.0,-1.0,-1.0
7.0,7.0,7.0,-1.0,-1.0
6.0,5.0,4.0,3.0,-1.0
7.0,6.0,5.0,4.0,3.0
0.19,NaN,NaN,NaN,NaN
0.44,0.11,NaN,NaN,NaN
1.2,0.66,0.15,NaN,NaN
2.9,1.9,0.82,0.43,NaN
5.6,4.0,3.0,1.3,0.61
