0.04965,NaN,NaN,NaN,NaN
0.04965,0.04965,NaN,NaN,NaN
0.04965,0.04965,0.04965,NaN,NaN
0.04965,0.04965,0.04965,0.04965,NaN
0.04965,0.04965,0.04965,0.04965,0.04965
2.0,-1.0,-1.0,-1.0,-1.0
2.0,2.0,-1.0,-1.0,-1.0
2.0,2.0,2.0,-1.0,-1.0
2.0,2.0,2.0,2.0,-1.0
2.0,2.0,2.0,2.0,2.0
0.13,NaN,NaN,NaN,NaN
0.68,0.13,NaN,NaN,NaN
1.1,0.79,0.16,NaN,NaN
1.9,1.1,0.96,0.16,NaN
4.0,2.2,3.1,1.3,0.95
