0.08419,NaN,NaN,NaN,NaN
0.1609,0.08419,NaN,NaN,NaN
0.2306,0.1609,0.08419,NaN,NaN
0.2939,0.2306,0.1609,0.08419,NaN
0.3511,0.2939,0.2306,0.1609,0.08419
3.0,-1.0,-1.0,-1.0,-1.0
4.0,3.0,-1.0,-1.0,-1.0
5.0,4.0,3.0,-1.0,-1.0
6.0,5.0,4.0,3.0,-1.0
7.0,6.0,5.0,4.0,3.0
0.3,NaN,NaN,NaN,NaN
0.53,0.12,NaN,NaN,NaN
1.3,0.79,0.14,NaN,NaN
2.7,1.9,0.97,0.23,NaN
5.8,4.0,3.0,1.3,0.66
