0.01138,NaN,NaN,NaN,NaN
0.02136,0.01138,NaN,NaN,NaN
0.03007,0.02136,0.01138,NaN,NaN
0.03764,0.03007,0.02136,0.01138,NaN
0.04417,0.03764,0.03007,0.02136,0.01138
3.0,-1.0,-1.0,-1.0,-1.0
4.0,3.0,-1.0,-1.0,-1.0
5.0,4.0,3.0,-1.0,-1.0
6.0,5.0,4.0,3.0,-1.0
7.0,6.0,5.0,4.0,3.0
0.23,NaN,NaN,NaN,NaN
1.3,0.12,NaN,NaN,NaN
1.5,1.4,0.24,NaN,NaN
5.4,3.1,1.7,0.48,NaN
6.9,4.5,5.7,2.3,1.4
