0.04836,NaN,NaN,NaN,NaN
0.09435,0.04836,NaN,NaN,NaN
0.1384,0.09435,0.04836,NaN,NaN
0.1772,0.1367,0.09378,0.04836,NaN
0.2154,0.1772,0.1367,0.09378,0.04836
7.0,-1.0,-1.0,-1.0,-1.0
7.0,4.0,-1.0,-1.0,-1.0
7.0,7.0,4.0,-1.0,-1.0
6.0,5.0,5.0,4.0,-1.0
7.0,6.0,5.0,5.0,4.0
0.2,NaN,NaN,NaN,NaN
0.52,0.13,NaN,NaN,NaN
1.4,0.69,0.14,NaN,NaN
2.9,1.7,0.82,0.23,NaN
5.7,4.0,3.0,1.1,0.69
