0.09653,NaN,NaN,NaN,NaN
0.1833,0.09653,NaN,NaN,NaN
0.2611,0.1833,0.09653,NaN,NaN
0.3305,0.2611,0.1833,0.09653,NaN
0.3922,0.3305,0.2611,0.1833,0.09653
3.0,-1.0,-1.0,-1.0,-1.0
4.0,3.0,-1.0,-1.0,-1.0
5.0,4.0,3.0,-1.0,-1.0
6.0,5.0,4.0,3.0,-1.0
7.0,6.0,5.0,4.0,3.0
0.3,NaN,NaN,NaN,NaN
1.0,0.53,NaN,NaN,NaN
2.8,2.0,0.25,NaN,NaN
5.4,2.6,2.3,0.46,NaN
8.1,4.3,4.7,1.4,2.1
