0.004387,NaN,NaN,NaN,NaN
0.008571,0.004387,NaN,NaN,NaN
0.01259,0.008571,0.004381,NaN,NaN
0.01616,0.01243,0.008505,0.00437,NaN
0.01969,0.01616,0.01243,0.008505,0.00437
7.0,-1.0,-1.0,-1.0,-1.0
7.0,7.0,-1.0,-1.0,-1.0
7.0,7.0,7.0,-1.0,-1.0
6.0,5.0,4.0,4.0,-1.0
7.0,6.0,5.0,4.0,4.0
0.36,NaN,NaN,NaN,NaN
1.2,0.11,NaN,NaN,NaN
1.6,1.2,0.47,NaN,NaN
4.0,1.9,1.7,0.36,NaN
7.1,4.1,4.0,1.4,1.6
