0.004722,NaN,NaN,NaN,NaN
0.009215,0.004722,NaN,NaN,NaN
0.01352,0.009215,0.004716,NaN,NaN
0.01733,0.01336,0.009157,0.004714,NaN
0.02108,0.01733,0.01336,0.009157,0.004714
7.0,-1.0,-1.0,-1.0,-1.0
7.0,7.0,-1.0,-1.0,-1.0
7.0,7.0,7.0,-1.0,-1.0
6.0,5.0,4.0,4.0,-1.0
7.0,6.0,5.0,4.0,4.0
0.36,NaN,NaN,NaN,NaN
1.0,0.11,NaN,NaN,NaN
1.6,1.4,0.39,NaN,NaN
3.9,1.9,1.9,0.61,NaN
6.9,4.0,3.9,1.3,1.4
