0.008995,NaN,NaN,NaN,NaN
0.01709,0.008995,NaN,NaN,NaN
0.02438,0.01709,0.008995,NaN,NaN
0.03093,0.02438,0.01709,0.008995,NaN
0.03679,0.03093,0.02438,0.01709,0.008995
3.0,-1.0,-1.0,-1.0,-1.0
4.0,3.0,-1.0,-1.0,-1.0
5.0,4.0,3.0,-1.0,-1.0
6.0,5.0,4.0,3.0,-1.0
7.0,6.0,5.0,4.0,3.0
0.043,NaN,NaN,NaN,NaN
0.17,0.042,NaN,NaN,NaN
0.37,0.18,0.047,NaN,NaN
0.82,0.56,0.25,0.089,NaN
1.8,1.4,0.87,0.38,0.22
