0.004097,NaN,NaN,NaN,NaN
0.008014,0.004097,NaN,NaN,NaN
0.01177,0.008014,0.004093,NaN,NaN
0.01515,0.01164,0.007953,0.004085,NaN
0.0185,0.01515,0.01164,0.007953,0.004085
7.0,-1.0,-1.0,-1.0,-1.0
7.0,7.0,-1.0,-1.0,-1.0
7.0,7.0,7.0,-1.0,-1.0
6.0,5.0,4.0,3.0,-1.0
7.0,6.0,5.0,4.0,3.0
0.044,NaN,NaN,NaN,NaN
0.14,0.059,NaN,NaN,NaN
0.37,0.19,0.053,NaN,NaN
0.87,0.58,0.25,0.093,NaN
1.9,1.5,0.88,0.4,0.2
