0.04967,NaN,NaN,NaN,NaN
0.04967,0.04967,NaN,NaN,NaN
0.04967,0.04967,0.04967,NaN,NaN
0.04967,0.04967,0.04967,0.04967,NaN
0.04967,0.04967,0.04967,0.04967,0.04967
2.0,-1.0,-1.0,-1.0,-1.0
2.0,2.0,-1.0,-1.0,-1.0
2.0,2.0,2.0,-1.0,-1.0
2.0,2.0,2.0,2.0,-1.0
2.0,2.0,2.0,2.0,2.0
0.13,NaN,NaN,NaN,NaN
0.69,0.13,NaN,NaN,NaN
1.4,0.77,0.15,NaN,NaN
2.0,1.1,0.97,0.41,NaN
3.8,2.2,2.4,0.92,0.94
