0.21485	Inf	Inf	Inf	Inf	Inf
2.0423	0.21485	Inf	Inf	Inf	Inf
4.3904	1.7043	0.21485	Inf	Inf	Inf
7.3007	3.8382	1.5155	0.21485	Inf	Inf
11.092	6.6826	3.4404	1.4018	0.21485	Inf
15.602	10.169	5.9767	3.181	1.3302	0.21485
