0.20147	Inf	Inf	Inf	Inf	Inf
1.6045	0.20147	Inf	Inf	Inf	Inf
3.332	1.2549	0.20147	Inf	Inf	Inf
5.3007	2.6709	1.0928	0.20147	Inf	Inf
7.4983	4.3321	2.3661	1.0013	0.20147	Inf
9.9781	6.1872	3.8604	2.1594	0.94383	0.20147
