0.04968,NaN,NaN,NaN,NaN
0.04968,0.04968,NaN,NaN,NaN
0.04968,0.04968,0.04968,NaN,NaN
0.04968,0.04968,0.04968,0.04968,NaN
0.04968,0.04968,0.04968,0.04968,0.04968
2.0,-1.0,-1.0,-1.0,-1.0
2.0,2.0,-1.0,-1.0,-1.0
2.0,2.0,2.0,-1.0,-1.0
2.0,2.0,2.0,2.0,-1.0
2.0,2.0,2.0,2.0,2.0
0.11,NaN,NaN,NaN,NaN
0.59,0.11,NaN,NaN,NaN
1.1,0.67,0.13,NaN,NaN
1.8,0.9,0.47,0.25,NaN
3.2,1.9,2.0,0.76,0.86
