0.06203,NaN,NaN,NaN,NaN
0.137,0.06203,NaN,NaN,NaN
0.2502,0.07357,0.06203,NaN,NaN
1.336,0.0798,0.07357,0.06203,NaN
1.457,0.16,0.0798,0.07357,0.06203
3.0,-1.0,-1.0,-1.0,-1.0
101.0,3.0,-1.0,-1.0,-1.0
98.0,4.0,3.0,-1.0,-1.0
101.0,5.0,4.0,3.0,-1.0
101.0,101.0,5.0,4.0,3.0
1.5,NaN,NaN,NaN,NaN
5.8,1.4,NaN,NaN,NaN
12.0,5.6,0.8,NaN,NaN
21.0,9.0,7.8,1.2,NaN
33.0,17.0,20.0,5.6,4.1
