0.003831,NaN,NaN,NaN,NaN
0.007502,0.003831,NaN,NaN,NaN
0.01104,0.007502,0.003827,NaN,NaN
0.01421,0.0109,0.007433,0.003805,NaN
0.01738,0.01421,0.0109,0.007433,0.003805
7.0,-1.0,-1.0,-1.0,-1.0
7.0,7.0,-1.0,-1.0,-1.0
7.0,7.0,7.0,-1.0,-1.0
6.0,5.0,4.0,3.0,-1.0
7.0,6.0,5.0,4.0,3.0
0.43,NaN,NaN,NaN,NaN
1.1,0.22,NaN,NaN,NaN
2.9,1.4,0.54,NaN,NaN
4.1,2.1,1.7,0.53,NaN
7.9,4.4,5.0,1.5,1.5
