0.005299,NaN,NaN,NaN,NaN
0.01029,0.005299,NaN,NaN,NaN
0.01507,0.01029,0.005299,NaN,NaN
0.01927,0.01491,0.01025,0.005299,NaN
0.02336,0.01927,0.01491,0.01025,0.005299
4.0,-1.0,-1.0,-1.0,-1.0
7.0,4.0,-1.0,-1.0,-1.0
7.0,7.0,4.0,-1.0,-1.0
6.0,5.0,4.0,4.0,-1.0
7.0,6.0,5.0,4.0,4.0
0.079,NaN,NaN,NaN,NaN
0.16,0.049,NaN,NaN,NaN
0.42,0.21,0.052,NaN,NaN
0.87,0.6,0.27,0.084,NaN
1.9,1.6,0.92,0.42,0.21
