0.08238,NaN,NaN,NaN,NaN
0.7146,0.07485,NaN,NaN,NaN
1.472,0.09631,0.07485,NaN,NaN
5.181,0.2635,0.08158,0.07485,NaN
5.525,0.5765,0.1556,0.08158,0.07485
100.0,-1.0,-1.0,-1.0,-1.0
101.0,3.0,-1.0,-1.0,-1.0
101.0,100.0,3.0,-1.0,-1.0
101.0,101.0,4.0,3.0,-1.0
101.0,97.0,100.0,4.0,3.0
1.5,NaN,NaN,NaN,NaN
5.5,1.4,NaN,NaN,NaN
11.0,6.4,1.7,NaN,NaN
21.0,8.8,8.3,1.1,NaN
32.0,17.0,17.0,5.4,4.1
