0.01169,NaN,NaN,NaN,NaN
0.02198,0.01169,NaN,NaN,NaN
0.03096,0.02198,0.01169,NaN,NaN
0.03875,0.03096,0.02198,0.01169,NaN
0.04548,0.03875,0.03096,0.02198,0.01169
3.0,-1.0,-1.0,-1.0,-1.0
4.0,3.0,-1.0,-1.0,-1.0
5.0,4.0,3.0,-1.0,-1.0
6.0,5.0,4.0,3.0,-1.0
7.0,6.0,5.0,4.0,3.0
0.24,NaN,NaN,NaN,NaN
1.4,0.23,NaN,NaN,NaN
3.0,1.6,0.27,NaN,NaN
4.3,2.2,1.9,0.58,NaN
7.9,4.5,4.9,1.6,1.6
