0.01142,NaN,NaN,NaN,NaN
0.02144,0.01142,NaN,NaN,NaN
0.03018,0.02144,0.01142,NaN,NaN
0.03778,0.03018,0.02144,0.01142,NaN
0.04433,0.03778,0.03018,0.02144,0.01142
3.0,-1.0,-1.0,-1.0,-1.0
4.0,3.0,-1.0,-1.0,-1.0
5.0,4.0,3.0,-1.0,-1.0
6.0,5.0,4.0,3.0,-1.0
7.0,6.0,5.0,4.0,3.0
0.052,NaN,NaN,NaN,NaN
0.18,0.052,NaN,NaN,NaN
0.45,0.22,0.052,NaN,NaN
0.93,0.62,0.27,0.085,NaN
1.9,1.6,0.93,0.42,0.22
