0.09555,NaN,NaN,NaN,NaN
0.1814,0.09555,NaN,NaN,NaN
0.2582,0.1814,0.09555,NaN,NaN
0.3269,0.2582,0.1814,0.09555,NaN
0.3879,0.3269,0.2582,0.1814,0.09555
3.0,-1.0,-1.0,-1.0,-1.0
4.0,3.0,-1.0,-1.0,-1.0
5.0,4.0,3.0,-1.0,-1.0
6.0,5.0,4.0,3.0,-1.0
7.0,6.0,5.0,4.0,3.0
0.64,NaN,NaN,NaN,NaN
1.8,0.64,NaN,NaN,NaN
2.5,1.8,0.57,NaN,NaN
5.4,1.7,2.9,0.34,NaN
7.9,3.8,4.6,1.4,2.4
