0.04387,NaN,NaN,NaN,NaN
0.08571,0.04387,NaN,NaN,NaN
0.1259,0.08571,0.04381,NaN,NaN
0.1616,0.1243,0.08505,0.0437,NaN
0.1969,0.1616,0.1243,0.08505,0.0437
7.0,-1.0,-1.0,-1.0,-1.0
7.0,7.0,-1.0,-1.0,-1.0
7.0,7.0,7.0,-1.0,-1.0
6.0,5.0,4.0,4.0,-1.0
7.0,6.0,5.0,4.0,4.0
0.44,NaN,NaN,NaN,NaN
0.99,0.43,NaN,NaN,NaN
2.7,1.9,0.55,NaN,NaN
4.2,1.9,2.5,0.55,NaN
7.9,3.9,5.2,1.5,1.9
