0.0445,NaN,NaN,NaN,NaN
0.08695,0.0445,NaN,NaN,NaN
0.1277,0.08695,0.04445,NaN,NaN
0.1638,0.126,0.08629,0.04438,NaN
0.1995,0.1638,0.126,0.08629,0.04438
7.0,-1.0,-1.0,-1.0,-1.0
7.0,7.0,-1.0,-1.0,-1.0
7.0,7.0,7.0,-1.0,-1.0
6.0,5.0,5.0,4.0,-1.0
7.0,6.0,5.0,5.0,4.0
0.22,NaN,NaN,NaN,NaN
0.63,0.12,NaN,NaN,NaN
1.4,0.68,0.14,NaN,NaN
2.9,1.7,1.0,0.45,NaN
5.4,3.9,3.1,1.3,0.58
