0.06346,NaN,NaN,NaN,NaN
0.1225,0.06346,NaN,NaN,NaN
0.1776,0.1225,0.06346,NaN,NaN
0.2288,0.1776,0.1225,0.06346,NaN
0.2765,0.2288,0.1776,0.1225,0.06346
3.0,-1.0,-1.0,-1.0,-1.0
4.0,3.0,-1.0,-1.0,-1.0
5.0,4.0,3.0,-1.0,-1.0
6.0,5.0,4.0,3.0,-1.0
7.0,6.0,5.0,4.0,3.0
0.16,NaN,NaN,NaN,NaN
0.41,0.27,NaN,NaN,NaN
1.2,0.51,0.29,NaN,NaN
2.7,1.8,0.88,0.23,NaN
5.8,4.0,2.8,1.3,0.69
