0.04965,NaN,NaN,NaN,NaN
0.04965,0.04965,NaN,NaN,NaN
0.04965,0.04965,0.04965,NaN,NaN
0.04965,0.04965,0.04965,0.04965,NaN
0.04965,0.04965,0.04965,0.04965,0.04965
2.0,-1.0,-1.0,-1.0,-1.0
2.0,2.0,-1.0,-1.0,-1.0
2.0,2.0,2.0,-1.0,-1.0
2.0,2.0,2.0,2.0,-1.0
2.0,2.0,2.0,2.0,2.0
0.024,NaN,NaN,NaN,NaN
0.072,0.024,NaN,NaN,NaN
0.2,0.089,0.029,NaN,NaN
0.44,0.29,0.12,0.05,NaN
0.95,0.77,0.47,0.23,0.14
