0.06355,NaN,NaN,NaN,NaN
0.1224,0.06355,NaN,NaN,NaN
0.178,0.1224,0.06355,NaN,NaN
0.2272,0.1768,0.1224,0.06355,NaN
0.2738,0.2272,0.1768,0.1224,0.06355
3.0,-1.0,-1.0,-1.0,-1.0
4.0,3.0,-1.0,-1.0,-1.0
7.0,4.0,3.0,-1.0,-1.0
6.0,5.0,4.0,3.0,-1.0
7.0,6.0,5.0,4.0,3.0
0.17,NaN,NaN,NaN,NaN
0.47,0.24,NaN,NaN,NaN
1.2,0.59,0.15,NaN,NaN
2.7,1.8,0.91,0.23,NaN
5.6,3.9,2.9,1.3,0.56
