0.07592,NaN,NaN,NaN,NaN
0.1457,0.07592,NaN,NaN,NaN
0.2098,0.1457,0.07592,NaN,NaN
0.2685,0.2098,0.1457,0.07592,NaN
0.3222,0.2685,0.2098,0.1457,0.07592
3.0,-1.0,-1.0,-1.0,-1.0
4.0,3.0,-1.0,-1.0,-1.0
5.0,4.0,3.0,-1.0,-1.0
6.0,5.0,4.0,3.0,-1.0
7.0,6.0,5.0,4.0,3.0
0.51,NaN,NaN,NaN,NaN
1.7,0.51,NaN,NaN,NaN
2.8,2.2,0.43,NaN,NaN
4.8,1.9,2.1,0.57,NaN
7.2,3.6,6.0,2.1,2.2
