0.03478,NaN,NaN,NaN,NaN
0.06822,0.03478,NaN,NaN,NaN
0.1005,0.06822,0.03475,NaN,NaN
0.1297,0.09924,0.06754,0.0345,NaN
0.1589,0.1297,0.09924,0.06754,0.0345
7.0,-1.0,-1.0,-1.0,-1.0
7.0,7.0,-1.0,-1.0,-1.0
7.0,7.0,7.0,-1.0,-1.0
6.0,5.0,4.0,3.0,-1.0
7.0,6.0,5.0,4.0,3.0
0.28,NaN,NaN,NaN,NaN
1.1,0.49,NaN,NaN,NaN
2.7,2.0,0.24,NaN,NaN
5.0,1.9,2.2,0.74,NaN
8.8,4.1,6.5,2.3,1.4
